Country,Year,GHG_emissions,CO2_emissions,CH4_emissions,NO2_emissions,GDP,Final_EI,Fuel_mix,Carbon_intensity,Renewables_share,Envt_taxes,Liquid_biofuels,Solar_thermal,Heat_pumps
European Union - 27 countries (from 2020),2010,4188243.74,3443913.62,427117.51,219323.09,10977298,92.24,2.8,91.9,14.421,259023,29688.790999999997,34487.957,31200.124
European Union - 27 countries (from 2020),2011,4075283.09,3338306.91,419634.19,216186.63,11321811.2,85.89,2.88,91.5,14.551,271901.02,28710.535999999996,37949.152,43941.42599999999
European Union - 27 countries (from 2020),2012,3996644.79,3262594.17,416826.85,213789.19,11388518.2,84.28,2.78,90.9,16.023,278204.39,28421.938,40587.305,48603.179
European Union - 27 countries (from 2020),2013,3912623.32,3181485.38,411161.26,214272.44,11517118.7,83.56,2.67,89.5,16.697,284120.84,29751.457,43245.729,53297.869000000006
European Union - 27 countries (from 2020),2014,3776463.69,3046140.55,406014.53,216857.58,11781640,77.43,2.62,88.3,17.463,291029.59,29151.719999999998,45425.101,79990.39700000001
European Union - 27 countries (from 2020),2015,3828829.65,3100458.1,406553.89,217800.23,12211542.9,75.05,2.57,88.7,17.84,299038.83,29906.173,47382.289,87764.25399999999
European Union - 27 countries (from 2020),2016,3827486.45,3104954.97,402406.98,217016,12551001.6,75.7,2.54,88,18.029,310098.58,31869.576,49146.595,97519.811
European Union - 27 countries (from 2020),2017,3853315.24,3129045.96,401224.31,221130.37,13069726.6,74.33,2.53,86.7,18.467,316708.85,32520.448000000004,50358.718,240565.77500000002
European Union - 27 countries (from 2020),2018,3763867.75,3055920.52,394515.03,216340.4,13518572.2,71.86,2.4,85.2,18.906,324997.31,33559.944,51862.242,249312.29200000002
European Union - 28 countries (2013-2020) and Iceland under the Kyoto Protocol,2010,4806751.83,3959597.45,492003.57,239524.49,NA,NA,NA,NA,NA,NA,NA,NA,NA
European Union - 28 countries (2013-2020) and Iceland under the Kyoto Protocol,2011,4646351.3,3811621.34,481816.07,235597.97,NA,NA,NA,NA,NA,NA,NA,NA,NA
European Union - 28 countries (2013-2020) and Iceland under the Kyoto Protocol,2012,4584419.71,3753892.9,477467.59,233070.99,NA,NA,NA,NA,NA,NA,NA,NA,NA
European Union - 28 countries (2013-2020) and Iceland under the Kyoto Protocol,2013,4486756.13,3662879.12,467815.05,233480.47,NA,NA,NA,NA,NA,NA,NA,NA,NA
European Union - 28 countries (2013-2020) and Iceland under the Kyoto Protocol,2014,4310395.29,3488667.74,460559.99,236686.32,NA,NA,NA,NA,NA,NA,NA,NA,NA
European Union - 28 countries (2013-2020) and Iceland under the Kyoto Protocol,2015,4344976.89,3526493.96,460298.98,237116.9,NA,NA,NA,NA,NA,NA,NA,NA,NA
European Union - 28 countries (2013-2020) and Iceland under the Kyoto Protocol,2016,4317835.57,3507562.12,454561.59,236258.7,NA,NA,NA,NA,NA,NA,NA,NA,NA
European Union - 28 countries (2013-2020) and Iceland under the Kyoto Protocol,2017,4332635.26,3520749.2,453793.04,240750.26,NA,NA,NA,NA,NA,NA,NA,NA,NA
European Union - 28 countries (2013-2020) and Iceland under the Kyoto Protocol,2018,4233885.39,3439733.61,447047.58,235846.74,NA,NA,NA,NA,NA,NA,NA,NA,NA
European Union - 28 countries (2013-2020),2010,4798807.15,3953615.31,490884.9,239061.27,12849473.4,90.81,2.68,92.6,13.161,305036.25,30570.858999999997,35525.957,49816.728
European Union - 28 countries (2013-2020),2011,4638628.61,3805745.69,480728.3,235137.52,13234680.5,84.36,2.76,92.1,13.388,318462.75,29589.933999999997,39122.152,63803.174
European Union - 28 countries (2013-2020),2012,4576663.56,3747980.27,476423.38,232607.85,13499547.1,82.83,2.67,91.8,14.663,329210.1,29648.768,41839.305,69770.566
European Union - 28 countries (2013-2020),2013,4478951.77,3656937.22,466765.27,233021,13613456.7,82.07,2.61,90.4,15.37,335049.88,30998.867000000002,44552.729,75994.76
European Union - 28 countries (2013-2020),2014,4302544.79,3482734.33,459501.62,236197.23,14092720.2,75.85,2.57,89,16.203,346815.33,30308.860999999997,46777.101,104179.715
European Union - 28 countries (2013-2020),2015,4337135.5,3520556.32,459247.55,236647.08,14856259.4,73.44,2.5,88.8,16.734,362906.91,30911.47,48765.289,113592.862
European Union - 28 countries (2013-2020),2016,4310161.29,3501781.95,453520.72,235792.56,14985120.8,74.17,2.44,87.7,16.982,368424.59,33073.285,50546.595,122931.16200000001
European Union - 28 countries (2013-2020),2017,4324794.57,3514764.05,452761.63,240270.24,15429516.5,72.8,2.42,86.4,17.482,372557.68,33851.659,51786.718,265956.008
European Union - 28 countries (2013-2020),2018,4225970.07,3433629.28,446029.33,235383.81,15939469.4,70.57,2.28,84.8,18.01,381734.54,34858.268000000004,53305.242,275021.155
Belgium,2010,134315.86,114561.03,8794.36,7587.12,363140.1,114.09,1.39,90.6,6.002,8879,1374,371,0
Belgium,2011,123782.51,105046.06,8530.82,6374.29,375967.8,103.22,1.41,87.7,6.275,9668.4,1374,420,0
Belgium,2012,120922.5,102428.75,8392.13,6306.82,386174.7,99.68,1.37,90.7,7.089,9735,1105.8,527,0
Belgium,2013,120949.31,102674.4,8236.66,6146.26,392880,102.2,1.57,86.9,7.65,9905.5,1105.145,570,0
Belgium,2014,115215.77,96811.32,8118.96,6181.75,403003.3,92.09,1.65,85.8,8.043,10254.53,1105.145,614.6,0
Belgium,2015,119418.39,100981.34,8127.37,6035.06,416701.4,91.67,1.64,90.1,8.026,10618.06,929.145,660.7,0
Belgium,2016,118172.44,99806.94,8101.19,5762.55,430085.3,92.51,1.54,83.6,8.752,11469.55,929.145,701.2,0
Belgium,2017,118005.1,99456.28,7932.12,5978.51,444991.1,89.94,1.5,83.5,9.113,11992.03,927.3,728.6,0
Belgium,2018,118455.74,100207.84,7848.74,5702.29,460419.4,87.55,1.52,86.8,9.478,12413.74,927.3,748.3,0
Bulgaria,2010,60726.73,47862.93,7844.18,4337.75,38058.1,104.58,4.71,117.9,13.928,1051.56,192.6,194,0
Bulgaria,2011,65995.81,53178.04,8056.33,3991.73,41268.9,107.06,4.87,122.1,14.152,1107.65,93.738,230,0
Bulgaria,2012,60940.95,48349.01,7686.29,4066.36,42048.6,102.52,4.51,115.5,15.837,1136.21,63.738,256,0
Bulgaria,2013,55666.99,42649.51,7564.7,4463.95,41903.5,99.36,4.2,109,18.898,1227.05,85.638,309,0
Bulgaria,2014,58679.25,45169.33,7459.82,4925.23,42890.3,96.2,3.57,110.1,18.05,1209.72,187.738,327,0
Bulgaria,2015,61920.68,48194.28,7450.42,5035.81,45690.9,95.96,3.53,111.8,18.261,1437.71,186,344,0
Bulgaria,2016,59345.03,45353.72,7213.21,5360,48640.2,95.13,3.51,106.5,18.76,1418.92,187,354,0
Bulgaria,2017,61682.76,47505.16,7001.14,5342.27,52329,93.51,3.81,108.5,18.701,1510.71,187,378,0
Bulgaria,2018,57815.59,43551.6,6753.67,5239.79,56111.8,89.03,3.64,99.1,20.592,1648.09,187,401.498,0
Czechia,2010,140878.15,118478.65,14445.97,5401.23,157920.8,113.2,7.82,83.6,10.514,3577.44,580,307,415.584
Czechia,2011,139317.19,116018.37,14477.98,6039.32,165202.2,106.67,7.87,85.3,10.945,3846.2,580,359,515.5740000000001
Czechia,2012,135117.65,111870.58,14460.44,5894.47,162587.5,104.96,8.13,82.9,12.813,3606.43,580,398,629.0029999999999
Czechia,2013,129799.09,107242.3,13879.72,5670.86,159461.5,101.63,8.01,78.4,13.927,3331.14,580,427,749.481
Czechia,2014,127667.1,104860.3,13878.48,5770.81,157821.3,93.55,7.1,78.6,15.073,3346.96,580,454,870.743
Czechia,2015,129092.8,105604.43,13943.88,6172.24,169558.2,90.03,6.79,79.4,15.067,3477.33,580,480,1005.612
Czechia,2016,130895.42,107390.22,13478.72,6503.63,177438.5,91,6.58,81.3,14.924,3728.38,580,506,1186.316
Czechia,2017,129777.01,106359.74,13280.21,6420.31,194132.9,88.61,7.16,77,14.796,3896.98,600,524,1408.806
Czechia,2018,128139.42,105101.04,13154.94,6072.34,210927.8,83.75,6.85,75.2,15.138,4129.14,600,539,1680.522
Denmark,2010,63528.65,49634.31,7630.9,5381.23,243165.4,84.9,0.93,87.6,21.889,9768.83,104.78,480,0
Denmark,2011,58300.45,44612.97,7471.72,5375.09,247879.9,79.3,1.03,84.2,23.39,9957.39,42.134,556,0
Denmark,2012,53734.2,40201.56,7364.22,5284.16,254578,75.5,0.85,78.4,25.466,10098.51,50.542,597,0
Denmark,2013,55472.55,42081.6,7271.93,5280.13,258742.7,73.13,0.97,81.9,27.174,10712.56,44.586,712,0
Denmark,2014,51246.03,37849.49,7238.57,5377.63,265757,68.72,0.98,77.3,29.323,10621.56,42.148,810,0
Denmark,2015,48630.24,35490.35,7165.8,5387.83,273017.6,67.75,0.87,72.5,30.866,10847.35,30.23,1015.929,0
Denmark,2016,50664.45,37286.64,7217.32,5537.97,283109.7,68.16,0.88,74,32.052,11065.36,14.738,1368.997,0
Denmark,2017,48353.71,35015.03,7244.87,5597.83,294808.2,65.39,0.95,68.8,34.677,10808.26,10.122,1542.384,0
Denmark,2018,48223.79,34932.48,7332.63,5398.14,302361.1,63.48,0.97,68.7,35.413,10933.41,12.588,1830.555,0
Germany (until 1990 former territory of the FRG),2010,942338,832669.74,59181.2,36235.58,2564400,91.48,2.08,93.3,11.667,55159.91,8448,13914,4818.639999999999
Germany (until 1990 former territory of the FRG),2011,919434.65,809426.95,58067.17,37539.21,2693560,82.16,2.45,95.4,12.453,58647.28,7127,15100,5440.907
Germany (until 1990 former territory of the FRG),2012,924147.41,813893.12,58804.79,36863.34,2745310,81.85,2.14,95.4,13.543,58184.71,6862,16140,6146.444
Germany (until 1990 former territory of the FRG),2013,941570.26,831316.28,58219.39,37406.74,2811350,82.88,2.08,95.4,13.76,57937.31,7020,17020,6813.957
Germany (until 1990 former territory of the FRG),2014,902388.74,792684.87,56991.08,38050.34,2927430,74.76,2.07,94.7,14.385,58282,6709,17746,7454.394
Germany (until 1990 former territory of the FRG),2015,906320.05,795816.36,56767.56,38667.07,3026180,72.74,2.38,94.9,14.906,58057.97,6773,18339,8079.620999999999
Germany (until 1990 former territory of the FRG),2016,909052.47,800510.29,55506.92,37834.3,3134740,72.85,2.27,94.7,14.889,58432.1,8743,18812,8767.411
Germany (until 1990 former territory of the FRG),2017,894296.28,786654.55,54738.29,37540.91,3259860,71.39,2.22,92,15.476,59248.7,8907,19091,9524.311999999998
Germany (until 1990 former territory of the FRG),2018,858368.68,755362.34,52641.89,35518.29,3356410,68.47,1.87,90,16.673,59724,NA,19269,10340.421
Estonia,2010,21019.06,18784.96,1243.7,813.13,14863.1,130.57,1.31,105.5,24.599,431.6,0,0,0
Estonia,2011,21058.29,18855.12,1200.65,817.42,16829.2,116.84,1.6,104.8,25.347,454.26,0,0,0
Estonia,2012,19966.95,17684.98,1218.33,868.42,18050.7,110.73,1.45,99.8,25.521,489.06,0,0,0
Estonia,2013,21848.04,19551.95,1216.18,870.15,19033.4,108.32,1.4,98.8,25.321,484.64,0,0,0
Estonia,2014,21056.79,18755.95,1181.3,899.31,20180,99.14,1.73,101.7,26.141,533.06,0,0,0
Estonia,2015,18109.74,15813.4,1146.79,924.1,20782.2,96.33,0.61,92.5,28.528,562.85,0,0,0
Estonia,2016,19640.42,17377.65,1125.24,899.43,21931.5,94.31,0.63,92.4,28.715,645.18,0,0,0
Estonia,2017,20923.49,18635.87,1129.42,923.86,23857.7,92.94,0.75,102.4,29.168,680.74,0,0,0
Estonia,2018,19974.14,17710.95,1117.41,912.19,25937.6,90.42,0.91,90.8,29.993,709.14,0,0,0
Ireland,2010,61277.54,41747.93,12070.12,6345.59,167673.7,78.78,3.18,90.8,5.781,4103.86,42.37,184.576,0
Ireland,2011,57156.86,38052.22,12037.56,5938.67,170950.9,71.55,3.05,90.2,6.57,4204.11,34.32,223.391,0
Ireland,2012,57752.7,38209.59,12336.89,6097.94,175103.9,67.15,3.22,89.4,7.006,4173.44,29.92,251.144,0
Ireland,2013,57589.73,37235.3,12672.87,6536.82,179616.3,66.38,3.37,90.3,7.582,4444.87,29.92,277.619,0
Ireland,2014,57325.32,36785.33,12966.85,6356.32,195148.1,62.04,3.31,88,8.568,4683.91,29.92,300.183,0
Ireland,2015,59415.93,38545.33,13290.14,6354.99,262853.3,46.3,3.17,87.3,9.044,4977.24,29.92,319.946,0
Ireland,2016,61491.44,40029.84,13678.84,6465.8,270809.5,48.03,2.76,86,9.165,5117.49,29.92,343.251,0
Ireland,2017,61004.88,38910.19,13991.91,6748.96,300386.9,44.98,2.71,84.6,10.465,5232.37,35.2,311.216,0
Ireland,2018,60934.54,38803.39,13984.98,6953.7,326986.1,43.43,2.86,82.8,10.888,5119.3,35.2,333.407,0
Greece,2010,118522.25,97361.5,11068.17,5489.52,224124,80.4,1.64,94.7,10.077,5977.97,900,4100,0
Greece,2011,115593.36,94549.58,10935.66,5245.24,203308.2,87.86,1.19,96.3,11.153,6016.97,746.808,4090,0
Greece,2012,112326.85,91430.1,10772.7,4817.3,188388.7,82.2,1.39,93.3,13.741,6264.84,746.808,4122,0
Greece,2013,102705.1,81735.05,10532.9,4517.96,179616.4,73.18,1.45,93.3,15.326,6584.97,980.535,4181,0
Greece,2014,99276.89,78659.8,10323.79,4310.8,177349.4,72.9,1.57,89.5,15.683,6627.92,973.104,4287,0
Greece,2015,95482.14,74957.9,10151.67,4248.15,176110.2,76.36,1.43,85.2,15.69,6748.98,993.924,4390,0
Greece,2016,91839.59,71368.36,9804.96,4302.04,174236.9,79.42,1.25,81.6,15.391,6655.95,993.924,4477,0
Greece,2017,95585.97,74852.85,10059.23,4365.16,177151.9,76.09,1.24,83,17.3,7129,1045.449,4596,6925.743
Greece,2018,92221.66,71797.87,10091.07,4284.88,179727.3,72.25,1.86,81.4,18.051,6823.05,1045.449,4691,7767
Spain,2010,358858.91,283724.99,40524.75,18197.72,1072709,79.17,0.62,87.4,13.831,17672,4750,2376.296,0
Spain,2011,358230.88,284543.85,40639.63,17225.52,1063763,77.32,0.99,88.7,13.247,16866,4805,2633.597,0
Spain,2012,350958.86,278850.69,39441.69,16552.79,1031099,74.35,0.67,87.7,14.314,16325,4226,2861.253,0
Spain,2013,324693.22,252763.82,38489.71,17262.36,1020348,72.9,0.6,84.8,15.347,19611,4707,3094.149,0
Spain,2014,326815.62,255100.21,37908.23,17915.72,1032158,69.1,0.59,86.6,16.156,19344,4701,3348.055,12940.178
Spain,2015,338254.29,271687.35,39189.64,18138.8,1077590,66.13,0.57,88.6,16.259,20821,4701,3581.906,15685.476
Spain,2016,326890.38,260759.56,39150.2,17898.07,1113840,66.62,0.52,83.9,17.423,20792.96,4701,3795.584,18547.995
Spain,2017,340298.29,274671.26,39586.18,18529.65,1161867,65.89,0.61,84.6,17.563,21371.04,4701,3997.082,21771.547
Spain,2018,334255.16,269654.25,39722.33,18413.54,1204241,66.01,0.58,83,17.454,22075,4701,4202.77,25073.182
France,2010,511749.14,389058.83,61810.94,41849.59,1995289,86.2,1.2,88.5,12.672,37779,3851.75,1447,24316.15
France,2011,483180.6,362198.41,60614.45,40384.42,2058369,80.82,0.87,83.7,10.859,39738.75,3851.75,2204.051,27643.65
France,2012,483602.84,363459.85,59285.11,40598.01,2088804,82.07,0.93,84.4,13.274,41074,3851.75,2461.061,30813.489999999998
France,2013,484664.36,365464.96,58767.07,40375.1,2117189,81.49,0.78,84.5,13.908,42996.79,3851.75,2663.917,34123.644
France,2014,453661.29,333576.6,58588.39,41591.48,2149765,74.07,0.78,79.6,14.422,43880,3891.75,2806.867,37483.989
France,2015,457542.26,338200.94,57902.32,41424.98,2198432,72.6,0.8,79.7,14.861,47646,3891.75,2917.493,41265.666
France,2016,458685.58,340725.83,57340.37,40365.56,2234129,73.49,0.76,81.9,15.501,50287,3959.684,3005.947,45400.566
France,2017,463536.96,345738.38,56974.18,41871.46,2297242,71.59,0.8,82.9,15.904,53222,3999.684,3094.442,49656.859000000004
France,2018,444823.32,331542.58,56096.01,40183.06,2360687,68,0.84,79.6,16.444,56250,3999.684,3218.301,54358.767
Croatia,2010,28033.73,21050.86,4145.18,2449.83,45195.1,110.63,2.12,96.8,25.103,1370.13,64,92,0
Croatia,2011,27707.92,20682.44,4095.33,2524.58,44924.6,104.17,2.1,97.7,25.389,1200.67,64,106,0
Croatia,2012,25887.46,19114.78,4048.49,2317.71,44007.9,98.1,1.97,96.1,26.757,1125.28,69,125,0
Croatia,2013,24463.77,18454.62,3812.17,1721.74,43806.3,96.72,1.79,94,28.04,1250.38,69,143,0
Croatia,2014,23697.28,17704.99,3854.51,1656.25,43398.6,89.92,1.67,93.3,27.817,1417.33,63.838,162,0
Croatia,2015,24125.31,17840.75,3946.53,1850.32,44612,90.77,1.26,90.7,28.969,1545.3,63.838,183,0
Croatia,2016,24275.34,18105.04,4085.02,1595.35,46619.3,88.95,1.02,92,28.267,1672.19,41,204,0
Croatia,2017,25032.08,18737.69,4069.11,1730.57,49238.5,89.22,1.12,90.9,27.28,1784.15,41,226.7,0
Croatia,2018,23792.8,17718.65,3888.72,1685.85,51950.1,85.57,1.03,88,28.047,1920.44,41,246.1,0
Italy,2010,513756.38,433688.02,46980.03,19078.12,1611279.4,80.57,0.51,92,13.022,44751,2544.194,2415,0
Italy,2011,501288.05,422039.48,45569.45,18556.81,1648755.8,75.13,0.84,92.2,12.88,49888,2544.194,2744,0
Italy,2012,482361.63,401554.71,46168.17,19049.93,1624358.7,74.16,0.82,92.1,15.44,56251,2544.194,3018,0
Italy,2013,447072.72,367568.71,44770.84,18289.46,1612751.3,73.78,0.62,87.8,16.74,55256.99,2544.194,3318,0
Italy,2014,426491.71,347860.8,43904.67,17833.83,1627405.6,69.83,0.68,87.8,17.08,58069.99,2544.194,3538,0
Italy,2015,439431.75,360088.18,43883.6,17859.26,1655355,68.97,0.48,87.6,17.524,56143.99,2544.194,3724,0
Italy,2016,436088.45,356556.2,43399.27,18099.53,1695786.8,67.01,0.62,87.5,17.413,59480.99,2544.194,3891,0
Italy,2017,431324.46,351473.93,43657.97,18007.03,1736592.8,65.42,0.43,83.4,18.265,57999.99,2544.194,4050.666,126842.031
Italy,2018,427529.02,348085.03,43032.65,17694.85,1771565.9,64.66,0.54,83.7,17.774,58574.99,2544.194,4196.376,124040.63900000001
Cyprus,2010,9515.26,8089.08,828.99,321.21,19410,89.56,1.02,103.3,6.173,532.21,14.08,909,0
Cyprus,2011,9171.95,7767,834.32,308.62,19803,88.83,0.46,101,6.261,543.3,14.08,937,0
Cyprus,2012,8628.8,7234.95,823.79,303.41,19440.8,86.57,0.01,100.5,7.137,497.85,14.08,959,0
Cyprus,2013,7913.31,6554.42,817.8,280.19,17995,83.16,0.01,100,8.456,487.97,14.08,977,0
Cyprus,2014,8288.74,6934.64,818.27,275.5,17430.2,84.61,0.16,100.8,9.173,523.06,14.08,993,0
Cyprus,2015,8343.06,6960.17,829.94,283.05,17884,83.84,0.26,100.5,9.929,540.2,14.08,1009,0
Cyprus,2016,8791.75,7368.27,855.98,290.4,18929.3,82.82,0,99.9,9.859,551.48,5,1025,0
Cyprus,2017,8974.07,7517.66,872.96,295.58,20119.9,83.04,0.19,97.4,10.503,608.79,5,1043.86,0
Cyprus,2018,8810.37,7333.75,882.32,297,21432.5,78.09,0.86,93.5,13.898,630.04,5,1064.662,0
Latvia,2010,12277.97,8565.2,1791.27,1748.09,17872.8,144.77,2.33,96.2,30.375,530.64,238.47199999999998,0,0
Latvia,2011,11485.95,7816.35,1742.77,1748.12,20310.5,126.23,2.59,91.3,33.478,604.8,198,0,0
Latvia,2012,11309.22,7527.85,1784.29,1813.36,22219,121.49,1.98,84.5,35.709,660.54,198,0,0
Latvia,2013,11241.29,7397.54,1806.24,1837.8,22966.3,115.59,1.58,85.1,37.037,723.45,192,0,0
Latvia,2014,11149.07,7203.24,1853.73,1877.41,23613.9,111.43,1.41,83.3,38.629,802.84,192,0,0
Latvia,2015,11196.14,7289.76,1755,1921.7,24560.9,102.39,1.15,86,37.538,864.21,192,0,0
Latvia,2016,11187.93,7238.54,1780.87,1916.71,25360.3,101.61,0.95,86.6,37.138,918.95,192,0,0
Latvia,2017,11235.96,7241.91,1813.31,1933.33,26962.3,102.75,0.95,83.4,39.019,947.7,192,0,4.541
Latvia,2018,11727.48,7871.09,1733.57,1873.76,29142.5,102.42,1.03,84.1,40.029,996.47,192,0,4.541
Lithuania,2010,20887.59,13926.74,3684.25,3013.85,28033.8,100.77,3.74,124.9,19.64,512.22,210,0,0
Lithuania,2011,21462.69,14271.08,3524.12,3356.46,31317.2,91.8,4.38,112.6,19.944,527.68,210,0,0
Lithuania,2012,21396.48,14330.83,3532.88,3178.41,33410.2,87.81,4.08,111.8,21.438,548.13,200,0,0
Lithuania,2013,20167.64,13340.27,3465.48,2948.72,35039.5,82.65,4.77,112.3,22.69,587.26,200,0,0
Lithuania,2014,20110.69,13087.47,3471.77,3085.43,36581.3,80.4,4.04,107.9,23.594,633.88,200,0,0
Lithuania,2015,20400.43,13297.14,3424.57,3105.46,37345.7,77.8,3.3,105.7,25.75,691.52,160,0,0
Lithuania,2016,20420.35,13327.51,3332.56,3033.2,38889.9,80.47,3.15,106.3,25.613,747.93,160,0,0
Lithuania,2017,20617.61,13545.85,3277.02,3068.37,42276.3,79.33,3.08,101,26.039,807.39,160,0,0
Lithuania,2018,20266.83,13669.49,3064.33,2955.35,45491.1,79.61,3.13,102.3,24.695,899.72,176,0,81.94
Luxembourg,2010,12169.06,11219.29,591.66,297.15,40177.8,129.45,1.72,104.5,2.85,958.34,0,28.644,9.25
Luxembourg,2011,12046.25,11114.55,567.31,300.09,43164.6,119.49,1.5,105,2.856,1018.62,0,35.076,11.796
Luxembourg,2012,11773.25,10851.4,559.26,295.55,44112.1,114.2,1.41,105.6,3.114,1038.8,0,44.829,16.285
Luxembourg,2013,11234.48,10303.87,563.56,296.08,46499.6,107.42,1.28,103,3.499,1006.29,0,48.325,19.689999999999998
Luxembourg,2014,10776.85,9825.22,576.5,299.36,49824.5,96.25,1.48,100.5,4.469,980.13,0,52.428,24.499000000000002
Luxembourg,2015,10290.1,9333.17,582.38,297.59,52065.8,90.05,1.39,96.3,4.987,952.74,0,56.207,35.248000000000005
Luxembourg,2016,10050.69,9080.25,586.33,308.34,54867.2,86.92,1.48,93,5.361,930.37,0,59.55,40.951
Luxembourg,2017,10235.7,9250.4,593.67,312.14,56814.2,89.64,1.26,91.9,6.198,948.85,0,62.909,12.442
Luxembourg,2018,10547.15,9568.52,587.66,313.14,60053.1,89.81,1.13,91.4,8.973,1017.99,0,66.196,14.65
Hungary,2010,64856.75,52123.68,7713.51,3727.61,99576.3,105.38,1.41,84.3,12.742,2567.03,329,140,0
Hungary,2011,63239.46,50322.15,7630.45,3918.95,102020.6,101.12,1.55,82.9,13.972,2514.28,329,170,0
Hungary,2012,59569.73,46776.68,7680.18,3855.72,99984,94.8,1.43,81.3,15.53,2558.02,448,220,0
Hungary,2013,56763.15,43704.81,7511.4,4196.83,102034.3,93.2,1.14,79.5,16.205,2628.66,450,230,0
Hungary,2014,57391.17,43862.71,7329.74,4429.95,106061.3,86.83,1.02,78.8,14.618,2725.45,484,250,0
Hungary,2015,60797.34,46627.61,7352.83,4532.27,112701,87.8,1.04,79,14.495,2911.31,644,280,0
Hungary,2016,61257.34,47395.71,7302.65,4802.04,116129.8,90.94,1.16,80,14.377,3087.33,656.5,292,0
Hungary,2017,63781.35,49684.85,7374.46,4801.38,126891,91.69,1.59,79.4,13.543,3240.04,675.7,308,93
Hungary,2018,63219.56,49628.49,7272,4858.7,135931,86.06,1.25,78.7,12.535,3228.33,718,329,127
Malta,2010,2984.08,2581.76,180.44,52.5,6815.8,54.88,0,87.4,0.979,190.62,1.107,40,0
Malta,2011,2992.34,2578.07,168.28,45.72,6924.6,54.94,0,87.4,1.85,211.27,1.107,54.8,0
Malta,2012,3207.53,2762.07,166.5,45.9,7364.5,52.06,0,89.3,2.862,205.49,1.4,60.03,0
Malta,2013,2894.18,2437.84,156.18,45.01,7944.3,49.46,0,87.5,3.76,205.67,1.4,63.24,0
Malta,2014,2933.25,2442.4,172.43,45.71,8751.1,54.52,0,86.7,4.744,239.77,1.4,67,0
Malta,2015,2255.29,1735.3,181.91,45.42,9996.7,47.87,0,72.5,5.119,269.9,1.4,70,0
Malta,2016,1944.05,1399.49,190.77,44.58,10589.2,46.23,0,61.7,6.208,277.14,1.4,71.6,0
Malta,2017,2156.18,1553,190.85,42.18,11703.5,42.97,0,59.8,7.219,303.05,1.4,72.249,0
Malta,2018,2186.11,1531.58,199.85,42.77,12587.4,47,0,57.4,7.968,321.75,0,72.858,0
Netherlands,2010,213739.54,182576.14,19405.99,8628.94,639187,96.55,0.23,97.3,3.917,22310,1306,576,0
Netherlands,2011,199632.13,169522.4,18859.43,8413.97,650359,88.08,0.23,96.2,4.524,22186,2030,601,0
Netherlands,2012,195725.07,166280.06,18438.37,8250.49,652966,86.51,0.23,94.4,4.659,21178,2051,615,0
Netherlands,2013,195327.5,166167.23,18425.57,8430.43,660463,85.35,0.17,96,4.691,21564,2517,633,0
Netherlands,2014,187613.97,159197.37,18008.29,8558.24,671560,77.74,0.19,96.9,5.415,22216,2196,644,0
Netherlands,2015,195874.09,166818.38,18202.62,8808.22,690008,76.19,0.18,99.6,5.668,22925,2176,647,0
Netherlands,2016,195442.33,166732.82,18329.05,8476.74,708337,78.42,0.2,97.5,5.802,23754,2348,652,0
Netherlands,2017,193329.51,164897.82,18012.19,8657.65,738146,76.03,0.23,95.1,6.456,24635,2526,650,0
Netherlands,2018,188196.79,160610.55,17308.78,8349.12,773987,73.55,0.22,94,7.34,25877,2774,657,0
Austria,2010,84612.84,72011.84,7308.66,3388.64,295896.6,104.14,1.4,90.2,31.207,6912.78,1482,4559.008,1334.267
Austria,2011,82286.89,69898.24,7108.46,3481.3,310128.7,96.64,1.36,89.3,31.553,7509.33,1482,4776.298,1482.1370000000002
Austria,2012,79528.79,67209.1,7006.74,3449.44,318653,91.87,1.37,86.1,32.736,7665.35,1482,4929.658,1640.773
Austria,2013,79971.98,67745.69,6907.1,3434.52,323910.2,93.43,1.34,85.5,32.666,7725.21,1482,5059.018,1801.3400000000001
Austria,2014,76346.01,64084.43,6777.45,3518.69,333146.1,87.14,1.38,82.5,33.553,7974.95,1501,5165.108,1976.8700000000001
Austria,2015,78509.78,66283.24,6702.06,3528.5,344269.2,84.87,1.39,83.1,33.502,8203.7,1501,5261.228,2162.2799999999997
Austria,2016,79467.29,67112.27,6642.61,3620.06,357608,85.44,1.38,83.7,33.374,8384.12,1511.5,5288.813,2355.324
Austria,2017,82023.36,69628.86,6626.11,3561.8,369341.3,85.48,1.24,85,33.141,8844.69,1511.5,5172.185,2556.448
Austria,2018,78950.34,66719.68,6438.63,3526.08,385361.9,79.79,1.14,85,33.806,8855.84,1511.5,5123.303,2764.1839999999997
Poland,2010,412926.32,334606.78,51156.13,20915.01,362190.9,108.07,20.17,93.2,9.3,9831.03,1403,656,306.233
Poland,2011,412006.11,333952.03,49992.26,21244.43,379860,98.68,19.05,92.2,10.354,10002.18,1419,909,387.362
Poland,2012,404526.56,326348.21,49743.49,21331.2,387947,94.25,19.55,94.1,10.97,10055.44,1609,1200,477.184
Poland,2013,401147.19,322225.44,49879.18,21495.4,392310.7,92.17,19.18,92.5,11.463,9503.28,1455,1470,629.7570000000001
Poland,2014,388469.51,309920.92,49246.96,21045.78,408967.8,86.26,18.51,92,11.614,10562.09,1496,1730,832.003
Poland,2015,391674.13,313099.15,49805.78,20317.55,430465.8,81.2,17.63,92.2,11.888,11401.73,2011,1900,1032.827
Poland,2016,400268.49,324011.34,49271.06,20976.16,427091.8,86.67,17.03,90.8,11.4,11556.89,2009,2016,1249.147
Poland,2017,414679.37,337340.42,49237.84,21970,467426.6,88.76,16.28,90.2,11.117,12512.09,2179.02,2131,1490.812
Poland,2018,412856.37,337705.74,48753.22,22106.01,497842.3,85.58,15.29,88.6,11.477,13474.36,2430.15,2433,1778.91
Portugal,2010,68949.57,53189.09,10153.62,3460.79,179610.8,82.51,0.29,84.8,24.155,4361.59,643,752,0
Portugal,2011,67536.23,51972.83,10049.81,3196.64,176096.2,81.59,0.12,85.8,24.607,4084.03,695,876,0
Portugal,2012,65654.77,50150.85,9806.39,3213.8,168295.6,76.13,0.13,88.4,24.578,3681.58,733.966,967,0
Portugal,2013,63779.43,48330.18,9566.38,3223.44,170492.3,73.6,0.12,84.2,25.703,3757.66,773.31,1024,0
Portugal,2014,63679.06,48107.23,9435.55,3347.06,173053.7,71.67,0.09,81.9,29.511,3932.13,772.879,1079,9157.721
Portugal,2015,67865.49,52461.15,9220.02,3238.08,179713.2,69.26,0.08,86.9,30.518,4344.47,772.879,1121,9247.524
Portugal,2016,66022.58,50612.32,9142.25,3165.76,186489.8,69.47,0.08,85,30.868,4819.31,772.879,1176,9302.101
Portugal,2017,70638.91,54911.85,9168.2,3249.92,195947.2,69.71,0.07,88.1,30.614,5051.86,772.879,1231.105,9609.234
Portugal,2018,67416.79,51619,9126.42,3216.74,205184.1,68.1,0.06,85.4,30.206,5271.9,772.879,1288.104,10000.536
Romania,2010,124173.34,84289.72,31036.71,7792.69,125472.3,85.54,2.43,90.7,22.834,2650.8,0,104,0
Romania,2011,129010.35,89518.25,30199,8138.51,131841.6,83.44,3.49,93.4,21.186,2573.54,0,105,0
Romania,2012,125638.73,86255.69,30694.1,7431.57,132711.2,79.68,3.39,92.8,22.825,2667.42,295.5,110,0
Romania,2013,116001,76875.89,30158.62,7602.83,143690.4,75.04,3.19,91.8,23.886,2957.37,295.5,129,0
Romania,2014,116214.83,77432.42,30026.69,7322.68,150708.6,71.55,3.11,92,24.845,3587.48,295.5,143,0
Romania,2015,116418.66,77725.63,29544.31,7450.66,160149.8,68.03,3.6,90.8,24.785,3951.96,280,159,0
Romania,2016,114287.85,75812.8,29011.8,7512.6,170063.4,64.97,3.32,88.4,25.032,4085.39,280,174,0
Romania,2017,116875.47,78077.49,28706.54,7852.58,187772.7,62.64,2.73,86.2,24.454,3640.25,280,189,0
Romania,2018,116115.12,76951.22,28183.63,8618.21,204496.9,59.97,2.63,84.3,23.875,4033.41,280,189,0
Slovenia,2010,19555.22,16376.44,2157.64,735.56,36363.9,116.91,0.97,96.5,21.08,1309.93,25,178.433,0
Slovenia,2011,19565.61,16360.3,2149.57,747.13,37058.6,113.8,1.07,96.7,20.936,1276.31,25,192.939,0
Slovenia,2012,19004.84,15821.76,2103.53,750.22,36253.3,108.48,1.04,97.1,21.549,1388.87,25,212.33,0
Slovenia,2013,18307.64,15188.91,2047.63,722.45,36454.3,105.79,1,95.1,23.161,1427.96,25,220.461,0
Slovenia,2014,16575.01,13531.94,1946.78,730.36,37634.3,98,0.99,86.7,22.461,1452.67,0,221.86,0
Slovenia,2015,16750.9,13617.54,2003.6,752.78,38852.6,95.78,0.83,88.4,22.88,1509.4,0,223.88,0
Slovenia,2016,17607.61,14416.66,2041.54,760.72,40443.2,97.86,0.74,91,21.977,1563.49,0,225.653,0
Slovenia,2017,17366.76,14264.75,1994.41,735.2,43009.1,94.74,0.78,87,21.658,1601.81,0,225.32,0
Slovenia,2018,17502.14,14487.84,1936.16,753.48,45862.6,89.68,0.83,88.8,21.378,1609.04,0,224.812,0
Slovakia,2010,46405.54,38523.22,4797.65,2442.79,68188.7,110.65,6.86,90.4,9.099,1419.64,241,123,0
Slovakia,2011,45704.01,38111.95,4862.48,2083.65,71304.5,101.65,7.43,91.9,10.348,1726.98,274,146,0
Slovakia,2012,43185.82,36021.18,4480.39,2009.15,73575.8,93.43,5.33,88,10.453,1743.9,223,154,0
Slovakia,2013,42855.65,35577.84,4604.27,1994.54,74448.8,95.16,5.43,86.6,10.133,1872.7,262,160,0
Slovakia,2014,40791.62,33654.5,4341.75,2116.21,76269.8,86.31,5.13,84.7,11.713,1932.31,236,166,0
Slovakia,2015,41830.67,34484.24,4530.99,2057.75,79767.6,82.78,4.93,84.6,12.883,1997.55,289,171,0
Slovakia,2016,42316.79,34921.79,4578.92,2130.4,81051.5,90.36,4.03,84.9,12.029,2019.35,243,177,0
Slovakia,2017,43475.29,36087.34,4616.36,2016.83,84532.2,96.93,4.1,83.2,11.465,2149.02,243,201,0
Slovakia,2018,43348.35,36087.84,4442.03,2098.54,89505.5,93.48,4.29,83.6,11.896,2202.67,251,206,0
Finland,2010,75718.95,64168.66,5354.96,4808.35,188143,163.86,0.88,99.9,32.294,4960.9,405,31,0
Finland,2011,67965.06,56731.3,5183.2,4668.63,197998,150.28,0.89,90.9,32.664,5908.19,412,34,0
Finland,2012,62480.91,51283.81,5128.19,4660.7,201037,150.63,0.44,84.9,34.341,5911.96,415,37,0
Finland,2013,62916.01,51810.61,4989.56,4699.46,204321,148.94,0.45,87.3,36.728,5959.06,445,41,0
Finland,2014,58755.76,47699.55,4892.21,4759.14,206897,145.68,0.44,78.7,38.78,5918.03,445,45,0
Finland,2015,55140.79,44168.26,4856.62,4764.81,211385,138.22,0.47,75.8,39.321,6032.6,571,50,0
Finland,2016,58094.44,47282.35,4728.34,4777.34,217518,142.83,0.58,78.2,39.013,6655.26,571,55,0
Finland,2017,55389.67,44726.01,4605.28,4819.6,226301,138.01,0.55,73.1,40.917,6678.08,591,60,0
Finland,2018,56411.26,45901.54,4540.85,4768.97,233696,136.09,0.51,73.6,41.16,6816.39,607,66,0
Sweden,2010,64467.31,53042.22,5216.54,4823.49,374695.2,112.2,1.14,91,46.595,9452.99,539.438,510,0
Sweden,2011,60131.47,49166.9,5066,4522.11,412844.7,102.18,1.3,83.2,48.135,9618.82,358.405,446,8460
Sweden,2012,57294.3,46692.01,4899.56,4483,430037.1,99.7,1.24,79,50.027,9939.57,596.2399999999999,322,8880
Sweden,2013,55607.71,45086.34,4828.16,4523.2,441850.7,97.94,1.17,77.1,50.792,9971.1,621.3989999999999,475,9160
Sweden,2014,53846.36,43337.56,4701.77,4576.55,438833.9,92.48,1.19,74.9,51.817,9277.79,490.024,475,9250
Sweden,2015,53739.18,43336.76,4595.54,4597.77,455494.7,87.9,1.24,78.6,52.947,9558.77,570.813,478,9250
Sweden,2016,53285.94,42972.57,4510.99,4576.74,466266.5,90.33,1.16,73.5,53.328,9981.52,395.692,475,10670
Sweden,2017,52715.03,42306.82,4470.49,4757.28,480025.5,87.82,1.17,71,54.157,9864.25,385,472,10670
Sweden,2018,51779.24,41766.18,4380.55,4503.64,470673.1,85,1.17,69.2,54.651,9442.11,746,466,11280
Iceland,2010,4928.92,3660.12,681.86,305.51,10383.4,268.58,3.58,56.6,70.975,223.28,0,0,0
Iceland,2011,4680.96,3510.64,660.19,302.1,10934.3,274,3.6,49,72.36,237.97,0.015,0,0
Iceland,2012,4683.54,3502.89,633.43,307.15,11479.9,274.92,3.56,48.7,73.834,261.31,0.067,0,0
Iceland,2013,4688.54,3492.77,638.58,302.44,12132.9,274.47,3.61,45.7,73.894,258.24,0.073,0,0
Iceland,2014,4722.1,3469.68,650.42,331.04,13472.6,261.15,3.17,46,73.079,285.75,0.073,0,0
Iceland,2015,4799.81,3545.26,656.43,313.2,15795.3,253.31,3.26,48.5,71.518,336.89,0,0,0
Iceland,2016,4754.6,3497.54,647.9,311.48,18804.2,241.84,0,49.7,74.824,385.34,0,0,0
Iceland,2017,4835.51,3614.87,637.05,322.36,21917.7,239.4,0,47.8,73.487,482.13,0,0,0
Iceland,2018,4856.95,3674.53,630.02,305.47,22207.3,246.7,0,44.4,76.69,470.25,0,0,0
Liechtenstein,2010,229.02,190.81,19.11,9.29,NA,NA,NA,NA,NA,33.86,NA,NA,NA
Liechtenstein,2011,215.97,176.78,19.47,9.67,NA,NA,NA,NA,NA,39.24,NA,NA,NA
Liechtenstein,2012,225.2,185.31,19.92,9.53,NA,NA,NA,NA,NA,38.7,NA,NA,NA
Liechtenstein,2013,231.77,192.54,19.11,9.24,4812.4,NA,NA,NA,NA,37.13,NA,NA,NA
Liechtenstein,2014,199.73,161.24,18.55,9.13,5021.7,NA,NA,NA,NA,41.78,NA,NA,NA
Liechtenstein,2015,197.79,159.71,18.38,9.18,5649.1,NA,NA,NA,NA,46.95,NA,NA,NA
Liechtenstein,2016,187.99,149.88,18.49,9.02,5637.7,NA,NA,NA,NA,46.26,NA,NA,NA
Liechtenstein,2017,194,156.28,17.99,8.97,5804.3,NA,NA,NA,NA,47.07,NA,NA,NA
Liechtenstein,2018,181.08,143.75,18.17,9.13,5822.5,NA,NA,NA,NA,43.56,NA,NA,NA
Norway,2010,55468.97,46231.65,5389.77,2474.66,323760.9,90.91,2.53,86.3,60.349,8595.75,0,0,4090
Norway,2011,54643.09,45513.36,5236.98,2469.03,358339.5,81.46,2.36,97.7,63.56,8916.01,0,0,4654
Norway,2012,54121.12,45038.31,5212.15,2474.06,396523.5,77.43,2.49,95.3,64.459,9265.83,0,0,5077
Norway,2013,53969.36,44982.4,5146.7,2446.84,393408.7,76.01,2.48,82.5,65.728,9323.02,0,0,5444
Norway,2014,53930.25,44916.61,5087.82,2454.43,375947.3,74.11,2.53,93.8,68.213,8751.68,0,0,5758
Norway,2015,54353.97,45350.5,5055.27,2491.42,347632.1,79.4,2.5,92.4,68.212,8186.4,0,0,6071
Norway,2016,53472.21,44472.73,4949.49,2424.1,333471.3,85.73,2.75,93.5,69.065,8044.15,120,0,6395
Norway,2017,52386.53,43562.54,4867.32,2380.63,353316.4,79.5,2.65,86.9,70.595,8123.51,120,0,6724
Norway,2018,52022.4,43817.66,4804.55,2349.12,370294.3,74.27,2.43,86.4,71.803,8106.28,120,0,7155
Switzerland,2010,54843.42,45166.25,5154.27,3012.86,455933.7,NA,NA,NA,NA,6352.3,NA,NA,NA
Switzerland,2011,50730.84,41100.53,5099.14,2941.78,520201.4,NA,NA,NA,NA,7010.77,NA,NA,NA
Switzerland,2012,52151.31,42368.61,5070.77,3001.28,538439,NA,NA,NA,NA,7273.62,NA,NA,NA
Switzerland,2013,52927.58,43296.93,5006.73,2901.27,536632.9,NA,NA,NA,NA,7089.36,NA,NA,NA
Switzerland,2014,48983.62,39340.66,5003.62,2881.23,553942.2,NA,NA,NA,NA,7314.94,NA,NA,NA
Switzerland,2015,48514.86,38835.55,4974.09,2910.24,632770.5,NA,NA,NA,NA,8502.46,NA,NA,NA
Switzerland,2016,48823.14,39290.44,4930.19,2889,628729.6,NA,NA,NA,NA,8679.54,NA,NA,NA
Switzerland,2017,47971.62,38280.7,4868.49,3082.52,623994,NA,NA,NA,NA,8642.14,NA,NA,NA
Switzerland,2018,46431.44,36994.42,4839.99,2879.65,623042.2,NA,NA,NA,NA,8700.16,NA,NA,NA
United Kingdom,2010,610563.41,509701.69,63767.39,19738.18,1872175.5,81.76,1.81,98.2,3.862,46013.25,882.068,1038,18616.604000000003
United Kingdom,2011,563345.52,467438.78,61094.11,18950.89,1912869.3,74.51,1.82,97,4.392,46561.74,879.3979999999999,1173,19861.748
United Kingdom,2012,580018.77,485386.1,59596.53,18818.66,2111028.9,73.63,1.8,98.7,4.461,51005.7,1226.83,1252,21167.387
United Kingdom,2013,566328.46,475451.83,55604.01,18748.56,2096338,72.75,2.18,97.7,5.524,50929.05,1247.4099999999999,1307,22696.891
United Kingdom,2014,526081.1,436593.78,53487.09,19339.65,2311080.2,66.14,2.26,94.8,6.737,55785.74,1157.141,1352,24189.318
United Kingdom,2015,508305.84,420098.22,52693.66,18846.85,2644716.5,63.63,1.91,89.6,8.385,63868.08,1005.297,1383,25828.608
United Kingdom,2016,482674.84,396826.98,51113.74,18776.56,2434119.2,64.64,1.68,86,9.032,58326.01,1203.709,1400,25411.351
United Kingdom,2017,471479.33,385718.09,51537.33,19139.87,2359789.9,63.19,1.55,84.3,9.858,55848.83,1331.211,1428,25390.233
United Kingdom,2018,462102.32,377708.76,51514.3,19043.41,2420897.2,62.41,1.39,82.9,11.138,56737.23,1298.324,1443,25708.862999999998
Turkey,2010,398882.58,314380.03,51319.22,29601.83,584855.7,76.94,19.71,97.4,NA,22340.66,812.2,12350,0
Turkey,2011,427830.53,339482.25,53694.48,30673.42,600961.4,72.37,17.23,97.9,NA,21403.55,561.217,18000,0
Turkey,2012,447254.81,353666.21,57091.96,31812.16,683587.3,70.8,17.21,97.3,NA,23148.97,457.476,18000,0
Turkey,2013,439325.69,345220.58,55469.06,33826.18,719726.6,65.66,13.56,96.5,NA,26024.25,0,19300,0
Turkey,2014,458368.97,361675.46,57304.73,34280.03,707000.8,62.76,13.31,95.3,NA,23839.13,0,19490,0
Turkey,2015,472595.01,381331.94,51359.76,35025.53,777042.3,61.23,13.13,92.1,NA,26459.69,0,19690,0
Turkey,2016,497741.9,401239.74,53858.25,37403.48,785618.9,63.75,13.23,92.1,NA,26534.3,0,20080,0
Turkey,2017,523752.84,425329.23,54231.17,38841.75,760497.1,67.61,11.74,90.3,NA,24392.9,0,20000,0
Turkey,2018,520941.59,419194.75,57576.12,38923.81,658464.1,66.44,9.79,90.1,NA,15967.52,0,20200,0
